string not found,price not found
string not found,price not found
string not found,price not found
string not found,price not found
string not found,price not found
string not found,price not found
string not found,price not found
string not found,price not found
string not found,price not found
string not found,price not found
string not found,price not found
string not found,price not found
string not found,price not found
string not found,price not found
string not found,price not found
string not found,price not found
string not found,price not found
string not found,price not found
string not found,price not found
string not found,price not found
string not found,price not found
string not found,price not found
string not found,price not found
string not found,price not found
string not found,price not found
string not found,price not found
string not found,price not found
string not found,price not found
string not found,price not found
string not found,price not found
string not found,price not found
string not found,price not found
string not found,price not found
string not found,price not found
string not found,price not found
string not found,price not found
string not found,price not found
string not found,price not found
string not found,price not found
string not found,price not found
string not found,price not found
string not found,price not found
string not found,price not found
string not found,price not found
string not found,price not found
string not found,price not found
string not found,price not found
string not found,price not found
string not found,price not found
string not found,price not found
string not found,price not found
string not found,price not found
string not found,price not found
string not found,price not found
string not found,price not found
string not found,price not found
string not found,price not found
string not found,price not found
string not found,price not found
string not found,price not found
string not found,price not found
string not found,price not found
string not found,price not found
string not found,price not found
string not found,price not found
string not found,price not found
string not found,price not found
string not found,price not found
string not found,price not found
string not found,price not found
string not found,price not found
string not found,price not found
string not found,price not found
string not found,price not found
string not found,price not found
string not found,price not found
string not found,price not found
string not found,price not found
string not found,price not found
string not found,price not found
string not found,price not found
string not found,price not found
string not found,price not found
string not found,price not found
string not found,price not found
string not found,price not found
string not found,price not found
string not found,price not found
string not found,price not found
string not found,price not found
string not found,price not found
string not found,price not found
string not found,price not found
string not found,price not found
string not found,price not found
string not found,price not found
string not found,price not found
string not found,price not found
string not found,price not found
string not found,price not found
string not found,price not found
string not found,price not found
string not found,price not found
string not found,price not found
string not found,price not found
string not found,price not found
string not found,price not found
string not found,price not found
string not found,price not found
string not found,price not found
string not found,price not found
string not found,price not found
string not found,price not found
string not found,price not found
string not found,price not found
string not found,price not found
string not found,price not found
string not found,price not found
string not found,price not found
string not found,price not found
string not found,price not found
string not found,price not found
string not found,price not found
string not found,price not found
string not found,price not found
string not found,price not found
string not found,price not found
string not found,price not found
string not found,price not found
string not found,price not found
string not found,price not found
string not found,price not found
string not found,price not found
string not found,price not found
string not found,price not found
string not found,price not found
string not found,price not found
string not found,price not found
string not found,price not found
string not found,price not found
string not found,price not found
string not found,price not found
string not found,price not found
string not found,price not found
string not found,price not found
string not found,price not found
string not found,price not found
string not found,price not found
string not found,price not found
string not found,price not found
string not found,price not found
string not found,price not found
string not found,price not found
string not found,price not found
string not found,price not found
string not found,price not found
string not found,price not found
string not found,price not found
string not found,price not found
string not found,price not found
string not found,price not found
string not found,price not found
string not found,price not found
string not found,price not found
string not found,price not found
string not found,price not found
string not found,price not found
string not found,price not found
string not found,price not found
string not found,price not found
string not found,price not found
string not found,price not found
string not found,price not found
string not found,price not found
string not found,price not found
string not found,price not found
string not found,price not found
string not found,price not found
string not found,price not found
string not found,price not found
string not found,price not found
string not found,price not found
string not found,price not found
string not found,price not found
string not found,price not found
string not found,price not found
string not found,price not found
string not found,price not found
string not found,price not found
string not found,price not found
string not found,price not found
string not found,price not found
string not found,price not found
string not found,price not found
string not found,price not found
string not found,price not found
string not found,price not found
string not found,price not found
string not found,price not found
string not found,price not found
string not found,price not found
string not found,price not found
string not found,price not found
string not found,price not found
string not found,price not found
string not found,price not found
string not found,price not found
string not found,price not found
string not found,price not found
string not found,price not found
string not found,price not found
string not found,price not found
string not found,price not found
string not found,price not found
string not found,price not found
string not found,price not found
string not found,price not found
string not found,price not found
string not found,price not found
string not found,price not found
string not found,price not found
string not found,price not found
string not found,price not found
string not found,price not found
string not found,price not found
string not found,price not found
string not found,price not found
string not found,price not found
string not found,price not found
string not found,price not found
string not found,price not found
string not found,price not found
string not found,price not found
string not found,price not found
string not found,price not found
string not found,price not found
string not found,price not found
string not found,price not found
string not found,price not found
string not found,price not found
string not found,price not found
string not found,price not found
string not found,price not found
string not found,price not found
string not found,price not found
string not found,price not found
string not found,price not found
string not found,price not found
string not found,price not found
string not found,price not found
string not found,price not found
string not found,price not found
string not found,price not found
string not found,price not found
string not found,price not found
string not found,price not found
string not found,price not found
string not found,price not found
string not found,price not found
string not found,price not found
string not found,price not found
string not found,price not found
string not found,price not found
string not found,price not found
string not found,price not found
string not found,price not found
string not found,price not found
string not found,price not found
string not found,price not found
string not found,price not found
string not found,price not found
string not found,price not found
string not found,price not found
string not found,price not found
string not found,price not found
string not found,price not found
string not found,price not found
string not found,price not found
string not found,price not found
string not found,price not found
string not found,price not found
string not found,price not found
string not found,price not found
string not found,price not found
string not found,price not found
string not found,price not found
string not found,price not found
string not found,price not found
string not found,price not found
string not found,price not found
string not found,price not found
string not found,price not found
string not found,price not found
string not found,price not found
string not found,price not found
string not found,price not found
string not found,price not found
string not found,price not found
string not found,price not found
string not found,price not found
string not found,price not found
string not found,price not found
string not found,price not found
string not found,price not found
string not found,price not found
string not found,price not found
string not found,price not found
string not found,price not found
string not found,price not found
string not found,price not found
string not found,price not found
string not found,price not found
string not found,price not found
string not found,price not found
string not found,price not found
string not found,price not found
string not found,price not found
string not found,price not found
string not found,price not found
string not found,price not found
string not found,price not found
string not found,price not found
string not found,price not found
string not found,price not found
string not found,price not found
string not found,price not found
string not found,price not found
string not found,price not found
string not found,price not found
string not found,price not found
string not found,price not found
string not found,price not found
string not found,price not found
string not found,price not found
string not found,price not found
string not found,price not found
string not found,price not found
string not found,price not found
string not found,price not found
string not found,"6548.05
USD"
string not found,"220.86
USD"
string not found,"0.533706
USD"
string not found,"630.64
USD"
string not found,"5.73
USD"
string not found,"0.260999
USD"
string not found,"55.54
USD"
string not found,"0.079980
USD"
string not found,"112.56
USD"
string not found,"0.993158
USD"
string not found,"0.024008
USD"
string not found,"0.511184
USD"
string not found,"165.71
USD"
string not found,"9.84
USD"
string not found,"16.92
USD"
string not found,"9.71
USD"
string not found,"0.097752
USD"
string not found,"1.35
USD"
string not found,"130.55
USD"
string not found,"0.011172
USD"
string not found,"31.30
USD"
string not found,"678.24
USD"
string not found,"3.48
USD"
string not found,"0.003655
USD"
string not found,"0.770073
USD"
string not found,"4.16
USD"
string not found,"41.39
USD"
string not found,"1.72
USD"
string not found,"2.88
USD"
string not found,"1.37
USD"
string not found,"0.316791
USD"
string not found,"0.035136
USD"
string not found,"1.76
USD"
string not found,"0.099902
USD"
string not found,"1.97
USD"
string not found,"0.656284
USD"
string not found,price not found
string not found,price not found
string not found,price not found
string not found,price not found
string not found,price not found
string not found,"0.013748
USD"
string not found,price not found
string not found,price not found
string not found,price not found
string not found,price not found
string not found,price not found
string not found,price not found
string not found,price not found
string not found,price not found
string not found,price not found
string not found,price not found
string not found,price not found
string not found,price not found
string not found,price not found
string not found,price not found
string not found,price not found
string not found,price not found
string not found,price not found
string not found,price not found
string not found,price not found
string not found,price not found
string not found,price not found
string not found,price not found
string not found,price not found
string not found,price not found
string not found,price not found
string not found,price not found
string not found,price not found
string not found,price not found
string not found,price not found
string not found,price not found
string not found,price not found
string not found,price not found
string not found,price not found
string not found,price not found
string not found,price not found
string not found,price not found
string not found,price not found
string not found,price not found
string not found,price not found
string not found,price not found
string not found,price not found
string not found,price not found
string not found,price not found
string not found,price not found
string not found,price not found
string not found,price not found
string not found,price not found
string not found,price not found
string not found,price not found
string not found,price not found
string not found,price not found
string not found,price not found
string not found,price not found
string not found,price not found
string not found,price not found
string not found,price not found
string not found,price not found
string not found,price not found
string not found,price not found
string not found,price not found
string not found,price not found
string not found,price not found
string not found,price not found
string not found,price not found
string not found,price not found
string not found,price not found
string not found,price not found
string not found,price not found
string not found,price not found
string not found,price not found
string not found,price not found
string not found,price not found
string not found,price not found
string not found,price not found
string not found,price not found
string not found,price not found
string not found,price not found
string not found,price not found
string not found,price not found
string not found,price not found
string not found,price not found
string not found,price not found
string not found,price not found
string not found,price not found
string not found,price not found
string not found,price not found
string not found,price not found
string not found,price not found
string not found,price not found
string not found,price not found
string not found,price not found
string not found,price not found
string not found,price not found
string not found,price not found
string not found,price not found
string not found,price not found
string not found,price not found
string not found,price not found
string not found,price not found
string not found,price not found
string not found,price not found
string not found,price not found
string not found,price not found
string not found,price not found
string not found,price not found
string not found,price not found
string not found,price not found
string not found,price not found
string not found,price not found
string not found,price not found
string not found,price not found
string not found,price not found
string not found,price not found
string not found,price not found
string not found,price not found
string not found,price not found
string not found,price not found
string not found,price not found
string not found,price not found
string not found,price not found
string not found,price not found
string not found,price not found
string not found,price not found
string not found,price not found
string not found,price not found
string not found,price not found
string not found,price not found
string not found,price not found
string not found,price not found
string not found,price not found
string not found,price not found
string not found,price not found
string not found,price not found
string not found,price not found
string not found,price not found
string not found,price not found
string not found,price not found
string not found,price not found
string not found,price not found
string not found,price not found
string not found,price not found
string not found,price not found
string not found,price not found
string not found,price not found
string not found,price not found
string not found,price not found
string not found,price not found
string not found,price not found
string not found,price not found
string not found,price not found
string not found,price not found
string not found,price not found
string not found,price not found
string not found,price not found
string not found,price not found
string not found,price not found
string not found,price not found
string not found,price not found
string not found,price not found
string not found,price not found
string not found,price not found
string not found,price not found
string not found,price not found
string not found,price not found
string not found,price not found
string not found,price not found
string not found,price not found
string not found,price not found
string not found,price not found
string not found,price not found
string not found,price not found
string not found,price not found
string not found,price not found
string not found,price not found
string not found,price not found
string not found,price not found
string not found,price not found
string not found,price not found
string not found,price not found
string not found,price not found
string not found,price not found
string not found,price not found
string not found,price not found
string not found,price not found
string not found,price not found
string not found,price not found
string not found,price not found
string not found,price not found
string not found,price not found
string not found,price not found
string not found,price not found
string not found,price not found
string not found,price not found
string not found,price not found
string not found,price not found
string not found,price not found
string not found,price not found
string not found,price not found
string not found,price not found
string not found,price not found
string not found,price not found
string not found,price not found
string not found,price not found
string not found,price not found
string not found,price not found
string not found,price not found
string not found,price not found
string not found,price not found
string not found,price not found
string not found,price not found
string not found,price not found
string not found,price not found
string not found,price not found
string not found,price not found
string not found,price not found
string not found,price not found
string not found,price not found
string not found,price not found
string not found,price not found
string not found,price not found
string not found,price not found
string not found,price not found
string not found,price not found
string not found,price not found
string not found,price not found
string not found,price not found
string not found,price not found
string not found,price not found
string not found,price not found
string not found,price not found
string not found,price not found
string not found,price not found
string not found,price not found
string not found,price not found
string not found,price not found
string not found,price not found
string not found,price not found
string not found,price not found
string not found,price not found
string not found,price not found
string not found,price not found
string not found,price not found
string not found,price not found
string not found,price not found
string not found,price not found
string not found,price not found
string not found,price not found
string not found,price not found
string not found,price not found
string not found,price not found
string not found,price not found
string not found,price not found
string not found,price not found
string not found,price not found
string not found,price not found
string not found,price not found
string not found,price not found
string not found,price not found
string not found,price not found
string not found,price not found
string not found,price not found
string not found,price not found
string not found,price not found
string not found,price not found
string not found,price not found
string not found,price not found
string not found,price not found
string not found,price not found
string not found,price not found
string not found,price not found
string not found,price not found
string not found,price not found
string not found,price not found
string not found,price not found
string not found,price not found
string not found,price not found
string not found,price not found
string not found,price not found
string not found,price not found
string not found,price not found
string not found,price not found
string not found,price not found
string not found,price not found
string not found,price not found
string not found,price not found
string not found,price not found
string not found,price not found
string not found,price not found
string not found,price not found
string not found,price not found
string not found,price not found
string not found,price not found
string not found,price not found
string not found,price not found
string not found,price not found
string not found,price not found
string not found,price not found
string not found,price not found
string not found,price not found
string not found,price not found
string not found,price not found
string not found,price not found
string not found,price not found
string not found,price not found
string not found,price not found
string not found,price not found
string not found,price not found
string not found,price not found
string not found,price not found
string not found,price not found
string not found,price not found
string not found,price not found
string not found,price not found
string not found,price not found
string not found,price not found
string not found,price not found
string not found,price not found
string not found,price not found
string not found,price not found
string not found,price not found
string not found,price not found
string not found,price not found
string not found,price not found
string not found,price not found
string not found,price not found
string not found,price not found
string not found,price not found
string not found,price not found
string not found,price not found
string not found,price not found
string not found,price not found
string not found,price not found
string not found,price not found
string not found,price not found
string not found,price not found
string not found,price not found
string not found,price not found
string not found,price not found
string not found,price not found
string not found,price not found
string not found,price not found
string not found,price not found
string not found,price not found
string not found,price not found
string not found,price not found
string not found,price not found
string not found,price not found
string not found,price not found
string not found,price not found
string not found,price not found
string not found,price not found
string not found,price not found
string not found,price not found
string not found,price not found
string not found,price not found
string not found,price not found
string not found,price not found
string not found,price not found
string not found,price not found
string not found,price not found
string not found,price not found
string not found,price not found
string not found,price not found
string not found,price not found
string not found,price not found
string not found,price not found
string not found,price not found
string not found,price not found
string not found,price not found
string not found,price not found
string not found,price not found
string not found,price not found
string not found,price not found
string not found,price not found
string not found,price not found
string not found,price not found
string not found,price not found
string not found,price not found
string not found,price not found
string not found,price not found
string not found,price not found
string not found,price not found
string not found,price not found
string not found,price not found
string not found,price not found
string not found,price not found
string not found,price not found
string not found,price not found
string not found,price not found
string not found,price not found
string not found,price not found
string not found,price not found
string not found,price not found
string not found,price not found
string not found,price not found
string not found,price not found
string not found,price not found
string not found,price not found
string not found,price not found
string not found,price not found
string not found,price not found
string not found,price not found
string not found,price not found
string not found,price not found
string not found,price not found
string not found,price not found
string not found,price not found
string not found,price not found
string not found,price not found
string not found,price not found
string not found,price not found
string not found,price not found
string not found,price not found
string not found,price not found
string not found,price not found
string not found,price not found
string not found,price not found
string not found,price not found
string not found,price not found
string not found,price not found
string not found,price not found
string not found,price not found
string not found,price not found
string not found,price not found
string not found,price not found
string not found,price not found
string not found,price not found
string not found,price not found
string not found,price not found
string not found,price not found
string not found,price not found
string not found,price not found
string not found,price not found
string not found,price not found
string not found,price not found
string not found,price not found
string not found,price not found
string not found,price not found
string not found,price not found
string not found,price not found
string not found,price not found
string not found,price not found
string not found,price not found
string not found,price not found
string not found,price not found
string not found,price not found
string not found,price not found
string not found,price not found
string not found,price not found
string not found,price not found
string not found,price not found
string not found,price not found
string not found,price not found
string not found,price not found
string not found,price not found
string not found,price not found
string not found,price not found
string not found,price not found
string not found,price not found
string not found,price not found
string not found,price not found
string not found,price not found
string not found,price not found
string not found,price not found
string not found,price not found
string not found,price not found
string not found,price not found
string not found,price not found
string not found,price not found
string not found,price not found
string not found,price not found
string not found,price not found
string not found,price not found
string not found,price not found
string not found,price not found
string not found,price not found
string not found,price not found
string not found,price not found
string not found,price not found
string not found,price not found
string not found,price not found
string not found,price not found
string not found,price not found
string not found,price not found
string not found,price not found
string not found,price not found
string not found,price not found
string not found,price not found
string not found,price not found
string not found,price not found
string not found,price not found
string not found,price not found
string not found,price not found
string not found,price not found
string not found,price not found
string not found,price not found
string not found,price not found
string not found,price not found
string not found,price not found
string not found,price not found
string not found,price not found
string not found,price not found
string not found,price not found
string not found,price not found
string not found,price not found
string not found,price not found
string not found,price not found
string not found,price not found
string not found,price not found
string not found,price not found
string not found,price not found
string not found,price not found
string not found,price not found
string not found,price not found
string not found,price not found
string not found,price not found
string not found,price not found
string not found,price not found
string not found,price not found
string not found,price not found
string not found,price not found
string not found,price not found
string not found,price not found
string not found,price not found
string not found,price not found
string not found,price not found
string not found,price not found
string not found,price not found
string not found,price not found
string not found,price not found
string not found,price not found
string not found,price not found
string not found,price not found
string not found,price not found
string not found,price not found
string not found,price not found
string not found,price not found
string not found,price not found
string not found,price not found
string not found,price not found
string not found,price not found
string not found,price not found
string not found,price not found
string not found,price not found
string not found,price not found
string not found,price not found
string not found,price not found
string not found,price not found
string not found,price not found
string not found,price not found
string not found,price not found
string not found,price not found
string not found,price not found
string not found,price not found
string not found,price not found
string not found,price not found
string not found,price not found
string not found,price not found
string not found,price not found
string not found,price not found
string not found,price not found
string not found,price not found
string not found,price not found
string not found,price not found
string not found,price not found
string not found,price not found
string not found,price not found
string not found,price not found
string not found,price not found
string not found,price not found
string not found,price not found
string not found,price not found
string not found,price not found
string not found,price not found
string not found,price not found
string not found,price not found
string not found,price not found
string not found,price not found
string not found,price not found
string not found,price not found
string not found,price not found
string not found,price not found
string not found,price not found
string not found,price not found
string not found,price not found
string not found,price not found
string not found,price not found
string not found,price not found
string not found,price not found
string not found,price not found
string not found,price not found
string not found,price not found
string not found,price not found
string not found,price not found
string not found,price not found
string not found,price not found
string not found,price not found
string not found,price not found
string not found,price not found
string not found,price not found
string not found,price not found
string not found,price not found
string not found,price not found
string not found,price not found
string not found,price not found
string not found,price not found
string not found,price not found
string not found,price not found
string not found,price not found
string not found,price not found
string not found,price not found
string not found,price not found
string not found,price not found
string not found,price not found
string not found,price not found
string not found,price not found
string not found,price not found
string not found,price not found
string not found,price not found
string not found,price not found
string not found,price not found
string not found,price not found
string not found,price not found
string not found,price not found
string not found,price not found
string not found,price not found
string not found,price not found
string not found,price not found
string not found,price not found
string not found,price not found
string not found,price not found
string not found,price not found
string not found,price not found
string not found,price not found
string not found,price not found
string not found,price not found
string not found,price not found
string not found,price not found
string not found,price not found
string not found,price not found
string not found,price not found
string not found,price not found
string not found,price not found
string not found,price not found
string not found,price not found
string not found,price not found
string not found,price not found
string not found,price not found
string not found,price not found
string not found,price not found
string not found,price not found
string not found,price not found
string not found,price not found
string not found,price not found
string not found,price not found
string not found,price not found
string not found,price not found
string not found,price not found
string not found,price not found
string not found,price not found
string not found,price not found
string not found,price not found
string not found,price not found
string not found,price not found
string not found,price not found
string not found,price not found
string not found,price not found
string not found,price not found
string not found,price not found
string not found,price not found
string not found,price not found
string not found,price not found
string not found,price not found
string not found,price not found
string not found,price not found
string not found,price not found
string not found,price not found
string not found,price not found
string not found,price not found
string not found,price not found
string not found,price not found
string not found,price not found
string not found,price not found
string not found,price not found
string not found,price not found
string not found,price not found
string not found,price not found
string not found,price not found
string not found,price not found
string not found,price not found
string not found,price not found
string not found,price not found
string not found,price not found
string not found,price not found
string not found,price not found
string not found,price not found
string not found,price not found
string not found,price not found
string not found,price not found
string not found,price not found
string not found,price not found
string not found,price not found
string not found,price not found
string not found,price not found
string not found,price not found
string not found,price not found
string not found,price not found
string not found,price not found
string not found,price not found
string not found,price not found
string not found,price not found
string not found,price not found
string not found,price not found
string not found,price not found
string not found,price not found
string not found,price not found
string not found,price not found
string not found,price not found
string not found,price not found
string not found,price not found
string not found,price not found
string not found,price not found
string not found,price not found
string not found,price not found
string not found,price not found
string not found,price not found
string not found,price not found
string not found,price not found
string not found,price not found
string not found,price not found
string not found,price not found
string not found,price not found
string not found,price not found
string not found,price not found
string not found,price not found
string not found,price not found
string not found,price not found
string not found,price not found
string not found,price not found
string not found,price not found
string not found,price not found
string not found,price not found
string not found,price not found
string not found,price not found
string not found,price not found
string not found,price not found
string not found,price not found
string not found,price not found
string not found,price not found
string not found,price not found
string not found,price not found
string not found,price not found
string not found,price not found
string not found,price not found
string not found,price not found
string not found,price not found
string not found,price not found
string not found,price not found
string not found,price not found
string not found,price not found
string not found,price not found
string not found,price not found
string not found,price not found
string not found,price not found
string not found,price not found
string not found,price not found
string not found,price not found
string not found,price not found
string not found,price not found
string not found,price not found
string not found,price not found
string not found,price not found
string not found,price not found
string not found,price not found
string not found,price not found
string not found,price not found
string not found,price not found
string not found,price not found
string not found,price not found
string not found,price not found
string not found,price not found
string not found,price not found
string not found,price not found
string not found,price not found
string not found,price not found
string not found,price not found
string not found,price not found
string not found,price not found
string not found,price not found
string not found,price not found
string not found,price not found
string not found,price not found
string not found,price not found
string not found,price not found
string not found,price not found
string not found,price not found
string not found,price not found
string not found,price not found
string not found,price not found
string not found,price not found
string not found,price not found
string not found,price not found
string not found,price not found
string not found,price not found
string not found,price not found
string not found,price not found
string not found,price not found
string not found,price not found
string not found,price not found
string not found,price not found
string not found,price not found
string not found,price not found
string not found,price not found
string not found,price not found
string not found,price not found
string not found,price not found
string not found,price not found
string not found,price not found
string not found,price not found
string not found,price not found
string not found,price not found
string not found,price not found
string not found,price not found
string not found,price not found
string not found,price not found
string not found,price not found
string not found,price not found
string not found,price not found
string not found,price not found
string not found,price not found
string not found,price not found
string not found,price not found
string not found,price not found
string not found,price not found
string not found,price not found
string not found,price not found
string not found,price not found
string not found,price not found
string not found,price not found
string not found,price not found
string not found,price not found
string not found,price not found
string not found,price not found
string not found,price not found
string not found,price not found
string not found,price not found
string not found,price not found
string not found,price not found
string not found,price not found
string not found,price not found
string not found,price not found
string not found,price not found
string not found,price not found
string not found,price not found
string not found,price not found
string not found,price not found
string not found,price not found
string not found,price not found
string not found,price not found
string not found,price not found
string not found,price not found
string not found,price not found
string not found,price not found
string not found,price not found
string not found,price not found
string not found,price not found
string not found,price not found
string not found,price not found
string not found,price not found
string not found,price not found
string not found,price not found
string not found,price not found
string not found,price not found
string not found,price not found
string not found,price not found
string not found,price not found
string not found,price not found
string not found,price not found
string not found,price not found
string not found,price not found
string not found,price not found
string not found,price not found
string not found,price not found
string not found,price not found
string not found,price not found
string not found,price not found
string not found,price not found
string not found,price not found
string not found,price not found
string not found,price not found
string not found,price not found
string not found,price not found
string not found,price not found
string not found,price not found
string not found,price not found
string not found,price not found
string not found,price not found
string not found,price not found
string not found,price not found
string not found,price not found
string not found,price not found
string not found,price not found
string not found,price not found
string not found,price not found
string not found,price not found
string not found,price not found
string not found,price not found
string not found,price not found
string not found,price not found
string not found,price not found
string not found,price not found
string not found,price not found
string not found,price not found
string not found,price not found
string not found,price not found
string not found,price not found
string not found,price not found
string not found,price not found
string not found,price not found
string not found,price not found
string not found,price not found
string not found,price not found
string not found,price not found
string not found,price not found
string not found,price not found
string not found,price not found
string not found,price not found
string not found,price not found
string not found,price not found
string not found,price not found
string not found,price not found
string not found,price not found
string not found,price not found
string not found,price not found
string not found,price not found
string not found,price not found
string not found,price not found
string not found,price not found
string not found,price not found
string not found,price not found
string not found,price not found
string not found,price not found
string not found,price not found
string not found,price not found
string not found,price not found
string not found,price not found
string not found,price not found
string not found,price not found
string not found,price not found
string not found,price not found
string not found,price not found
string not found,price not found
string not found,price not found
string not found,price not found
string not found,price not found
string not found,price not found
string not found,price not found
string not found,price not found
string not found,price not found
string not found,price not found
string not found,price not found
string not found,price not found
string not found,price not found
string not found,price not found
string not found,price not found
string not found,price not found
string not found,price not found
string not found,price not found
string not found,price not found
string not found,price not found
string not found,price not found
string not found,price not found
string not found,price not found
string not found,price not found
string not found,price not found
string not found,price not found
string not found,price not found
string not found,price not found
string not found,price not found
string not found,price not found
string not found,price not found
string not found,price not found
string not found,price not found
string not found,price not found
string not found,price not found
string not found,price not found
string not found,price not found
string not found,price not found
string not found,price not found
string not found,price not found
string not found,price not found
string not found,price not found
string not found,price not found
string not found,price not found
string not found,price not found
string not found,price not found
string not found,price not found
string not found,price not found
string not found,price not found
string not found,price not found
string not found,price not found
string not found,price not found
string not found,price not found
string not found,price not found
string not found,price not found
string not found,price not found
string not found,price not found
string not found,price not found
string not found,price not found
string not found,price not found
string not found,price not found
string not found,price not found
string not found,price not found
string not found,price not found
string not found,price not found
string not found,price not found
string not found,price not found
string not found,price not found
string not found,price not found
string not found,price not found
string not found,price not found
string not found,price not found
string not found,price not found
string not found,price not found
string not found,price not found
string not found,price not found
string not found,price not found
string not found,price not found
string not found,price not found
string not found,price not found
string not found,price not found
string not found,price not found
string not found,price not found
string not found,price not found
string not found,price not found
string not found,price not found
string not found,price not found
string not found,price not found
string not found,price not found
string not found,price not found
string not found,price not found
string not found,price not found
string not found,price not found
string not found,price not found
string not found,price not found
string not found,price not found
string not found,price not found
string not found,price not found
string not found,price not found
string not found,price not found
string not found,price not found
string not found,price not found
string not found,price not found
string not found,price not found
string not found,price not found
string not found,price not found
string not found,price not found
string not found,price not found
string not found,price not found
string not found,price not found
string not found,price not found
string not found,price not found
string not found,price not found
string not found,price not found
string not found,price not found
string not found,price not found
string not found,price not found
string not found,price not found
string not found,price not found
string not found,price not found
string not found,price not found
string not found,price not found
string not found,price not found
string not found,price not found
string not found,price not found
string not found,price not found
string not found,price not found
string not found,price not found
string not found,price not found
string not found,price not found
string not found,price not found
string not found,price not found
string not found,price not found
string not found,price not found
string not found,price not found
string not found,price not found
string not found,price not found
string not found,price not found
string not found,price not found
string not found,price not found
string not found,price not found
string not found,price not found
string not found,price not found
string not found,price not found
string not found,price not found
string not found,price not found
string not found,price not found
string not found,price not found
string not found,price not found
string not found,price not found
string not found,price not found
string not found,price not found
string not found,price not found
string not found,price not found
string not found,price not found
string not found,price not found
string not found,price not found
string not found,price not found
string not found,price not found
string not found,price not found
string not found,price not found
string not found,price not found
string not found,price not found
string not found,price not found
string not found,"0.006946
USD"
string not found,"0.018657
USD"
string not found,"0.017695
USD"
string not found,"0.001018
USD"
string not found,"0.000040
USD"
string not found,"0.005258
USD"
string not found,"0.012170
USD"
string not found,"0.065959
USD"
string not found,"0.002748
USD"
string not found,"0.013210
USD"
string not found,"0.000021
USD"
string not found,"0.001308
USD"
string not found,"0.003209
USD"
string not found,"0.001685
USD"
string not found,"0.012803
USD"
string not found,"0.035917
USD"
string not found,"0.012343
USD"
string not found,"0.042827
USD"
string not found,"0.018892
USD"
string not found,"0.000011
USD"
string not found,"0.002863
USD"
string not found,"0.003204
USD"
string not found,"0.000192
USD"
string not found,"0.021550
USD"
string not found,price not found
string not found,price not found
string not found,price not found
string not found,price not found
string not found,price not found
string not found,price not found
string not found,price not found
string not found,price not found
string not found,price not found
string not found,price not found
string not found,price not found
string not found,price not found
string not found,price not found
string not found,price not found
string not found,price not found
string not found,price not found
string not found,price not found
string not found,price not found
string not found,price not found
string not found,price not found
string not found,price not found
string not found,price not found
string not found,price not found
string not found,price not found
string not found,price not found
string not found,price not found
string not found,price not found
string not found,price not found
string not found,price not found
string not found,price not found
string not found,price not found
string not found,price not found
string not found,price not found
string not found,price not found
string not found,price not found
string not found,price not found
string not found,price not found
string not found,price not found
string not found,price not found
string not found,price not found
string not found,price not found
string not found,price not found
string not found,price not found
string not found,price not found
string not found,price not found
string not found,price not found
string not found,price not found
string not found,price not found
string not found,price not found
string not found,price not found
string not found,price not found
string not found,price not found
string not found,price not found
string not found,price not found
string not found,price not found
string not found,price not found
string not found,price not found
string not found,price not found
string not found,price not found
string not found,price not found
string not found,price not found
string not found,price not found
string not found,price not found
string not found,price not found
string not found,price not found
string not found,price not found
string not found,price not found
string not found,price not found
string not found,price not found
string not found,price not found
string not found,price not found
string not found,price not found
string not found,price not found
string not found,price not found
string not found,price not found
string not found,price not found
string not found,price not found
string not found,price not found
string not found,price not found
string not found,price not found
string not found,price not found
string not found,price not found
string not found,price not found
string not found,price not found
string not found,price not found
string not found,price not found
string not found,price not found
string not found,price not found
string not found,price not found
string not found,price not found
string not found,price not found
string not found,price not found
string not found,price not found
string not found,price not found
string not found,price not found
string not found,price not found
string not found,price not found
string not found,price not found
string not found,price not found
string not found,price not found
string not found,price not found
string not found,price not found
string not found,price not found
string not found,price not found
string not found,price not found
string not found,price not found
string not found,price not found
string not found,price not found
string not found,price not found
string not found,price not found
string not found,price not found
string not found,price not found
string not found,price not found
string not found,price not found
string not found,price not found
string not found,price not found
string not found,price not found
string not found,price not found
string not found,price not found
string not found,price not found
string not found,price not found
string not found,price not found
string not found,price not found
string not found,price not found
string not found,price not found
string not found,price not found
string not found,price not found
string not found,price not found
string not found,price not found
string not found,price not found
string not found,price not found
string not found,price not found
string not found,price not found
string not found,price not found
string not found,price not found
string not found,price not found
string not found,price not found
string not found,price not found
string not found,price not found
string not found,price not found
string not found,price not found
string not found,price not found
string not found,price not found
string not found,price not found
string not found,price not found
string not found,price not found
string not found,price not found
string not found,price not found
string not found,price not found
string not found,price not found
string not found,price not found
string not found,price not found
string not found,price not found
string not found,price not found
string not found,price not found
string not found,price not found
string not found,price not found
string not found,price not found
string not found,price not found
string not found,price not found
string not found,price not found
string not found,price not found
string not found,price not found
string not found,price not found
string not found,price not found
string not found,price not found
string not found,price not found
string not found,price not found
string not found,price not found
string not found,price not found
string not found,price not found
string not found,price not found
string not found,price not found
string not found,price not found
string not found,price not found
string not found,price not found
string not found,price not found
string not found,price not found
string not found,price not found
string not found,price not found
string not found,price not found
string not found,price not found
string not found,price not found
string not found,price not found
string not found,price not found
string not found,price not found
string not found,price not found
string not found,price not found
string not found,price not found
string not found,price not found
string not found,price not found
string not found,price not found
string not found,price not found
string not found,price not found
string not found,price not found
string not found,price not found
string not found,price not found
string not found,price not found
string not found,price not found
string not found,price not found
string not found,price not found
string not found,price not found
string not found,price not found
string not found,price not found
string not found,price not found
string not found,price not found
string not found,price not found
string not found,price not found
string not found,price not found
string not found,price not found
string not found,price not found
string not found,price not found
string not found,price not found
string not found,price not found
string not found,price not found
string not found,price not found
string not found,price not found
string not found,price not found
string not found,price not found
string not found,price not found
string not found,price not found
string not found,price not found
string not found,price not found
string not found,price not found
string not found,price not found
string not found,price not found
string not found,price not found
string not found,price not found
string not found,price not found
string not found,price not found
string not found,price not found
string not found,price not found
string not found,price not found
string not found,price not found
string not found,price not found
string not found,price not found
string not found,price not found
string not found,price not found
string not found,price not found
string not found,price not found
string not found,price not found
string not found,price not found
string not found,price not found
string not found,price not found
string not found,price not found
string not found,price not found
string not found,price not found
string not found,price not found
string not found,price not found
string not found,price not found
string not found,price not found
string not found,price not found
string not found,price not found
string not found,price not found
string not found,price not found
string not found,price not found
string not found,price not found
string not found,price not found
string not found,price not found
string not found,price not found
string not found,price not found
string not found,price not found
string not found,price not found
string not found,price not found
string not found,price not found
string not found,price not found
string not found,price not found
string not found,price not found
string not found,price not found
string not found,price not found
string not found,price not found
string not found,price not found
string not found,price not found
string not found,price not found
string not found,price not found
string not found,price not found
string not found,price not found
string not found,price not found
string not found,price not found
string not found,price not found
string not found,price not found
string not found,price not found
string not found,price not found
string not found,price not found
string not found,price not found
string not found,price not found
string not found,price not found
string not found,price not found
string not found,price not found
string not found,price not found
string not found,price not found
string not found,price not found
string not found,price not found
string not found,price not found
string not found,price not found
string not found,price not found
string not found,price not found
string not found,price not found
string not found,price not found
string not found,price not found
string not found,price not found
string not found,price not found
string not found,price not found
string not found,price not found
string not found,price not found
string not found,price not found
string not found,price not found
string not found,price not found
string not found,price not found
string not found,price not found
string not found,price not found
string not found,price not found
string not found,price not found
string not found,price not found
string not found,price not found
string not found,price not found
string not found,price not found
string not found,price not found
string not found,price not found
string not found,price not found
string not found,price not found
string not found,price not found
string not found,price not found
string not found,price not found
string not found,price not found
string not found,price not found
string not found,price not found
string not found,price not found
string not found,price not found
string not found,price not found
string not found,price not found
string not found,price not found
string not found,price not found
string not found,price not found
string not found,price not found
string not found,price not found
string not found,price not found
string not found,price not found
string not found,price not found
string not found,price not found
string not found,price not found
string not found,price not found
string not found,price not found
string not found,price not found
string not found,price not found
string not found,price not found
string not found,price not found
string not found,price not found
string not found,price not found
string not found,price not found
string not found,price not found
string not found,price not found
string not found,price not found
string not found,price not found
string not found,price not found
string not found,price not found
string not found,price not found
string not found,price not found
string not found,price not found
string not found,price not found
string not found,price not found
string not found,price not found
string not found,price not found
string not found,price not found
string not found,price not found
string not found,price not found
string not found,price not found
string not found,price not found
string not found,price not found
string not found,price not found
string not found,price not found
string not found,price not found
string not found,price not found
string not found,price not found
string not found,price not found
string not found,price not found
string not found,price not found
string not found,price not found
string not found,price not found
string not found,price not found
string not found,price not found
string not found,price not found
string not found,price not found
string not found,price not found
string not found,price not found
string not found,price not found
string not found,price not found
string not found,price not found
string not found,price not found
string not found,price not found
string not found,price not found
string not found,price not found
string not found,price not found
string not found,price not found
string not found,price not found
string not found,price not found
string not found,price not found
string not found,price not found
string not found,price not found
string not found,price not found
string not found,price not found
string not found,price not found
string not found,price not found
string not found,price not found
string not found,price not found
string not found,price not found
string not found,price not found
string not found,price not found
string not found,price not found
string not found,price not found
string not found,price not found
string not found,price not found
string not found,price not found
string not found,price not found
string not found,price not found
string not found,price not found
string not found,price not found
string not found,price not found
string not found,price not found
string not found,price not found
string not found,price not found
string not found,price not found
string not found,price not found
string not found,price not found
string not found,price not found
string not found,price not found
string not found,price not found
string not found,price not found
string not found,price not found
string not found,price not found
string not found,price not found
string not found,price not found
string not found,price not found
string not found,price not found
string not found,price not found
string not found,price not found
string not found,price not found
string not found,price not found
string not found,price not found
string not found,price not found
string not found,price not found
string not found,price not found
string not found,price not found
string not found,price not found
string not found,price not found
string not found,price not found
string not found,price not found
string not found,price not found
string not found,price not found
string not found,price not found
string not found,price not found
string not found,price not found
string not found,price not found
string not found,price not found
string not found,price not found
string not found,price not found
string not found,price not found
string not found,price not found
string not found,price not found
string not found,price not found
string not found,price not found
string not found,price not found
string not found,price not found
string not found,price not found
string not found,price not found
string not found,price not found
string not found,price not found
string not found,price not found
string not found,price not found
string not found,price not found
string not found,price not found
string not found,price not found
string not found,price not found
string not found,price not found
string not found,price not found
string not found,price not found
string not found,price not found
string not found,price not found
string not found,price not found
string not found,price not found
string not found,price not found
string not found,price not found
string not found,price not found
string not found,price not found
string not found,price not found
string not found,price not found
string not found,price not found
string not found,price not found
string not found,price not found
string not found,price not found
string not found,price not found
string not found,price not found
string not found,price not found
string not found,price not found
string not found,price not found
string not found,price not found
string not found,price not found
string not found,price not found
string not found,price not found
string not found,price not found
string not found,price not found
string not found,price not found
string not found,price not found
string not found,price not found
string not found,price not found
string not found,price not found
string not found,price not found
string not found,price not found
string not found,price not found
string not found,price not found
string not found,price not found
string not found,price not found
string not found,price not found
string not found,price not found
string not found,price not found
string not found,price not found
string not found,price not found
string not found,price not found
string not found,price not found
string not found,price not found
string not found,price not found
string not found,price not found
string not found,price not found
string not found,price not found
string not found,price not found
string not found,price not found
string not found,price not found
string not found,price not found
string not found,price not found
string not found,price not found
string not found,price not found
string not found,price not found
string not found,price not found
string not found,price not found
string not found,price not found
string not found,price not found
string not found,price not found
string not found,price not found
string not found,price not found
string not found,price not found
string not found,price not found
string not found,price not found
string not found,price not found
string not found,price not found
string not found,price not found
string not found,price not found
string not found,price not found
string not found,price not found
string not found,price not found
string not found,price not found
string not found,price not found
string not found,price not found
string not found,price not found
string not found,price not found
string not found,price not found
string not found,price not found
string not found,price not found
string not found,price not found
string not found,price not found
string not found,price not found
string not found,price not found
string not found,price not found
string not found,price not found
string not found,price not found
string not found,price not found
string not found,price not found
string not found,price not found
string not found,price not found
string not found,price not found
string not found,price not found
string not found,price not found
string not found,price not found
string not found,price not found
string not found,price not found
string not found,price not found
string not found,price not found
string not found,price not found
string not found,price not found
string not found,price not found
string not found,price not found
string not found,price not found
string not found,price not found
string not found,price not found
string not found,price not found
string not found,price not found
string not found,price not found
string not found,price not found
string not found,price not found
string not found,price not found
string not found,price not found
string not found,price not found
string not found,price not found
string not found,price not found
string not found,price not found
string not found,price not found
string not found,price not found
string not found,price not found
string not found,price not found
string not found,price not found
string not found,price not found
string not found,price not found
string not found,price not found
string not found,price not found
string not found,price not found
string not found,price not found
string not found,price not found
string not found,price not found
string not found,price not found
string not found,price not found
string not found,price not found
string not found,price not found
string not found,price not found
string not found,price not found
string not found,price not found
string not found,price not found
string not found,price not found
string not found,price not found
string not found,price not found
string not found,price not found
string not found,price not found
string not found,price not found
string not found,price not found
string not found,price not found
string not found,price not found
string not found,price not found
string not found,price not found
string not found,price not found
string not found,price not found
string not found,price not found
string not found,price not found
string not found,price not found
string not found,price not found
string not found,price not found
string not found,price not found
string not found,price not found
string not found,price not found
string not found,price not found
string not found,price not found
string not found,price not found
string not found,price not found
string not found,price not found
string not found,price not found
string not found,price not found
string not found,price not found
string not found,price not found
string not found,price not found
string not found,price not found
string not found,price not found
string not found,price not found
string not found,price not found
string not found,price not found
string not found,price not found
string not found,price not found
string not found,price not found
string not found,price not found
string not found,price not found
string not found,price not found
string not found,price not found
string not found,price not found
string not found,price not found
string not found,price not found
string not found,price not found
string not found,price not found
string not found,price not found
string not found,price not found
string not found,price not found
string not found,price not found
string not found,price not found
string not found,price not found
string not found,price not found
string not found,price not found
string not found,price not found
string not found,price not found
string not found,price not found
string not found,price not found
string not found,price not found
string not found,price not found
string not found,price not found
string not found,price not found
string not found,price not found
string not found,price not found
string not found,price not found
string not found,price not found
string not found,price not found
string not found,price not found
string not found,price not found
string not found,price not found
string not found,price not found
string not found,price not found
string not found,price not found
string not found,price not found
string not found,price not found
string not found,price not found
string not found,price not found
string not found,price not found
string not found,price not found
string not found,price not found
string not found,price not found
string not found,price not found
string not found,price not found
string not found,price not found
string not found,price not found
string not found,price not found
string not found,price not found
string not found,price not found
string not found,price not found
string not found,price not found
string not found,price not found
string not found,price not found
string not found,price not found
string not found,price not found
string not found,price not found
string not found,price not found
string not found,price not found
string not found,price not found
string not found,price not found
string not found,price not found
string not found,price not found
string not found,price not found
string not found,price not found
string not found,price not found
string not found,price not found
string not found,price not found
string not found,price not found
string not found,price not found
string not found,price not found
string not found,price not found
string not found,price not found
string not found,price not found
string not found,price not found
string not found,price not found
string not found,price not found
string not found,price not found
string not found,price not found
string not found,price not found
string not found,price not found
string not found,price not found
string not found,price not found
string not found,price not found
string not found,price not found
string not found,price not found
string not found,price not found
string not found,price not found
string not found,price not found
string not found,price not found
string not found,price not found
string not found,price not found
string not found,price not found
string not found,price not found
string not found,price not found
string not found,price not found
string not found,price not found
string not found,price not found
string not found,price not found
string not found,price not found
string not found,price not found
string not found,price not found
string not found,price not found
string not found,price not found
string not found,price not found
string not found,price not found
string not found,price not found
string not found,price not found
string not found,price not found
string not found,price not found
string not found,price not found
string not found,price not found
string not found,price not found
string not found,price not found
string not found,price not found
string not found,price not found
string not found,price not found
string not found,price not found
string not found,price not found
string not found,price not found
string not found,price not found
string not found,price not found
string not found,price not found
string not found,price not found
string not found,price not found
string not found,price not found
string not found,price not found
string not found,price not found
string not found,price not found
string not found,price not found
string not found,price not found
string not found,price not found
string not found,price not found
string not found,price not found
string not found,price not found
string not found,price not found
string not found,price not found
string not found,price not found
string not found,price not found
string not found,price not found
string not found,price not found
string not found,price not found
string not found,price not found
string not found,price not found
string not found,price not found
string not found,price not found
string not found,price not found
string not found,price not found
string not found,price not found
string not found,price not found
string not found,price not found
string not found,price not found
string not found,price not found
string not found,price not found
string not found,price not found
string not found,price not found
string not found,price not found
string not found,price not found
string not found,price not found
string not found,price not found
string not found,price not found
string not found,price not found
string not found,price not found
string not found,price not found
string not found,price not found
string not found,price not found
string not found,price not found
string not found,price not found
string not found,price not found
string not found,price not found
string not found,price not found
string not found,price not found
string not found,price not found
string not found,price not found
string not found,price not found
string not found,price not found
string not found,price not found
string not found,price not found
string not found,price not found
string not found,price not found
string not found,price not found
string not found,price not found
string not found,price not found
string not found,price not found
string not found,price not found
string not found,price not found
string not found,price not found
string not found,price not found
string not found,price not found
string not found,price not found
string not found,price not found
string not found,price not found
string not found,price not found
string not found,price not found
string not found,price not found
string not found,price not found
string not found,price not found
string not found,price not found
string not found,price not found
string not found,price not found
string not found,price not found
string not found,price not found
string not found,price not found
string not found,price not found
string not found,price not found
string not found,price not found
string not found,price not found
string not found,price not found
string not found,price not found
string not found,price not found
string not found,price not found
string not found,price not found
string not found,price not found
string not found,price not found
string not found,price not found
string not found,price not found
string not found,price not found
string not found,price not found
string not found,price not found
string not found,price not found
string not found,price not found
string not found,price not found
string not found,price not found
string not found,price not found
string not found,price not found
string not found,price not found
string not found,price not found
string not found,price not found
string not found,price not found
string not found,price not found
string not found,price not found
string not found,price not found
string not found,price not found
string not found,price not found
string not found,price not found
string not found,price not found
string not found,price not found
string not found,price not found
string not found,price not found
string not found,price not found
string not found,price not found
string not found,price not found
string not found,price not found
string not found,price not found
string not found,price not found
string not found,price not found
string not found,price not found
string not found,price not found
string not found,price not found
string not found,price not found
string not found,price not found
string not found,price not found
string not found,price not found
string not found,price not found
string not found,price not found
string not found,"6548.93
USD"
string not found,"220.64
USD"
string not found,"0.533328
USD"
string not found,"631.80
USD"
string not found,"5.73
USD"
string not found,"0.261332
USD"
string not found,"55.52
USD"
string not found,"0.079991
USD"
string not found,"112.70
USD"
string not found,"0.993383
USD"
string not found,"0.023992
USD"
string not found,"0.511725
USD"
string not found,"165.86
USD"
string not found,"9.84
USD"
string not found,"16.95
USD"
string not found,"9.71
USD"
string not found,"0.097874
USD"
string not found,"1.35
USD"
string not found,"130.14
USD"
string not found,"0.011148
USD"
string not found,"31.29
USD"
string not found,"677.83
USD"
string not found,"3.48
USD"
string not found,"0.003649
USD"
string not found,"0.771589
USD"
