Bitcoin,
Ethereum (ETH),
XRP (XRP),
Bitcoin Cash (BCH),
EOS (EOS),
Stellar (XLM),
Litecoin (LTC),
Cardano (ADA),
Monero (XMR),
Tether (USDT),
TRON (TRX),
IOTA (MIOTA),
Dash (DASH),
Binance Coin (BNB),
NEO (NEO),
Ethereum Classic (ETC),
NEM (XEM),
Tezos (XTZ),
Zcash (ZEC),
VeChain (VET),
Bitcoin Gold (BTG),
Maker (MKR),
OmiseGO (OMG),
Dogecoin (DOGE),
0x (ZRX),
Qtum (QTUM),
Decred (DCR),
Ontology (ONT),
Lisk (LSK),
Basic Attention Token (BAT),
Aeternity (AE),
Zilliqa (ZIL),
Bitcoin Diamond (BCD),
BitShares (BTS),
Just a moment...,
Just a moment...,
Just a moment...,
Just a moment...,
Just a moment...,
Just a moment...,
Just a moment...,
Just a moment...,
Just a moment...,
Just a moment...,
Just a moment...,
Just a moment...,
Just a moment...,
Just a moment...,
Just a moment...,
Just a moment...,
Just a moment...,
Just a moment...,
Just a moment...,
Just a moment...,
Just a moment...,
Just a moment...,
Just a moment...,
Just a moment...,
Just a moment...,
Just a moment...,
Just a moment...,
Just a moment...,
Just a moment...,
Just a moment...,
Just a moment...,
Just a moment...,
Just a moment...,
Just a moment...,
Just a moment...,
Just a moment...,
Just a moment...,
Just a moment...,
Just a moment...,
Just a moment...,
Just a moment...,
Just a moment...,
Just a moment...,
Just a moment...,
Just a moment...,
Just a moment...,
Just a moment...,
Just a moment...,
Just a moment...,
Just a moment...,
Just a moment...,
Just a moment...,
Just a moment...,
Just a moment...,
Just a moment...,
Just a moment...,
Just a moment...,
Just a moment...,
Just a moment...,
Just a moment...,
Just a moment...,
Just a moment...,
Just a moment...,
Just a moment...,
Just a moment...,
Just a moment...,
Just a moment...,
Just a moment...,
Just a moment...,
Just a moment...,
Just a moment...,
Just a moment...,
Just a moment...,
Just a moment...,
Just a moment...,
Just a moment...,
Just a moment...,
Just a moment...,
Just a moment...,
Just a moment...,
Just a moment...,
Just a moment...,
Just a moment...,
Just a moment...,
Just a moment...,
Just a moment...,
Just a moment...,
Just a moment...,
Just a moment...,
Just a moment...,
Just a moment...,
Just a moment...,
Just a moment...,
Just a moment...,
Just a moment...,
Just a moment...,
Just a moment...,
Just a moment...,
Just a moment...,
Just a moment...,
Just a moment...,
Just a moment...,
Just a moment...,
Just a moment...,
Just a moment...,
Just a moment...,
Just a moment...,
Just a moment...,
Just a moment...,
Just a moment...,
Just a moment...,
Just a moment...,
Just a moment...,
Just a moment...,
Just a moment...,
Just a moment...,
Just a moment...,
Just a moment...,
Just a moment...,
Just a moment...,
Just a moment...,
Just a moment...,
Just a moment...,
Just a moment...,
Just a moment...,
Just a moment...,
Just a moment...,
Just a moment...,
Just a moment...,
Just a moment...,
Just a moment...,
Just a moment...,
Just a moment...,
Just a moment...,
Just a moment...,
Just a moment...,
Just a moment...,
Just a moment...,
Just a moment...,
Just a moment...,
Just a moment...,
Just a moment...,
Just a moment...,
Just a moment...,
Just a moment...,
Just a moment...,
Just a moment...,
Just a moment...,
Just a moment...,
Just a moment...,
Just a moment...,
Just a moment...,
Just a moment...,
Just a moment...,
Just a moment...,
Just a moment...,
Just a moment...,
Just a moment...,
Just a moment...,
Just a moment...,
Just a moment...,
Just a moment...,
Just a moment...,
Just a moment...,
Just a moment...,
Just a moment...,
Just a moment...,
Just a moment...,
Just a moment...,
Just a moment...,
Just a moment...,
Just a moment...,
Just a moment...,
Just a moment...,
Just a moment...,
Just a moment...,
Just a moment...,
Just a moment...,
Just a moment...,
Just a moment...,
Just a moment...,
Just a moment...,
Just a moment...,
Just a moment...,
Just a moment...,
Just a moment...,
Just a moment...,
Just a moment...,
Just a moment...,
Just a moment...,
Just a moment...,
Just a moment...,
Just a moment...,
Just a moment...,
Just a moment...,
Just a moment...,
Just a moment...,
Just a moment...,
Just a moment...,
Just a moment...,
Just a moment...,
Just a moment...,
Just a moment...,
Just a moment...,
Just a moment...,
Just a moment...,
Just a moment...,
Just a moment...,
Just a moment...,
Just a moment...,
Just a moment...,
Just a moment...,
Just a moment...,
Just a moment...,
Just a moment...,
Just a moment...,
Just a moment...,
Just a moment...,
Just a moment...,
Just a moment...,
Just a moment...,
Just a moment...,
Just a moment...,
Just a moment...,
Just a moment...,
Just a moment...,
Just a moment...,
Just a moment...,
Just a moment...,
Just a moment...,
Just a moment...,
Just a moment...,
Just a moment...,
Just a moment...,
Just a moment...,
Just a moment...,
Just a moment...,
Just a moment...,
Just a moment...,
Just a moment...,
Just a moment...,
Just a moment...,
Just a moment...,
Just a moment...,
Just a moment...,
Just a moment...,
Just a moment...,
Just a moment...,
Just a moment...,
Just a moment...,
Just a moment...,
Just a moment...,
Just a moment...,
Just a moment...,
Just a moment...,
Just a moment...,
Just a moment...,
Just a moment...,
Just a moment...,
Just a moment...,
Just a moment...,
Just a moment...,
Just a moment...,
Just a moment...,
Just a moment...,
Just a moment...,
Just a moment...,
Just a moment...,
Just a moment...,
Just a moment...,
Just a moment...,
Just a moment...,
Just a moment...,
Just a moment...,
Just a moment...,
Just a moment...,
Just a moment...,
Just a moment...,
Just a moment...,
Just a moment...,
Just a moment...,
Just a moment...,
Just a moment...,
Just a moment...,
Just a moment...,
Just a moment...,
Just a moment...,
Just a moment...,
Just a moment...,
Just a moment...,
Just a moment...,
Just a moment...,
Just a moment...,
Just a moment...,
Just a moment...,
Just a moment...,
Just a moment...,
Just a moment...,
Just a moment...,
Just a moment...,
Just a moment...,
Just a moment...,
Just a moment...,
Just a moment...,
Just a moment...,
Just a moment...,
Just a moment...,
Just a moment...,
Just a moment...,
Just a moment...,
Just a moment...,
Just a moment...,
Just a moment...,
Just a moment...,
Just a moment...,
Just a moment...,
Just a moment...,
Just a moment...,
Just a moment...,
Just a moment...,
Just a moment...,
Just a moment...,
Just a moment...,
Just a moment...,
Just a moment...,
Just a moment...,
Just a moment...,
Just a moment...,
Just a moment...,
Just a moment...,
Just a moment...,
Just a moment...,
Just a moment...,
Just a moment...,
Just a moment...,
Just a moment...,
Just a moment...,
Just a moment...,
Just a moment...,
Just a moment...,
Just a moment...,
Just a moment...,
Just a moment...,
Just a moment...,
Just a moment...,
Just a moment...,
Just a moment...,
Just a moment...,
Just a moment...,
Just a moment...,
Just a moment...,
Just a moment...,
Just a moment...,
Just a moment...,
Just a moment...,
Just a moment...,
Just a moment...,
Just a moment...,
Just a moment...,
Just a moment...,
Just a moment...,
Just a moment...,
Just a moment...,
Just a moment...,
Just a moment...,
Just a moment...,
Just a moment...,
Just a moment...,
Just a moment...,
Just a moment...,
Just a moment...,
Just a moment...,
Just a moment...,
Just a moment...,
Just a moment...,
Just a moment...,
Just a moment...,
Just a moment...,
Just a moment...,
Just a moment...,
Just a moment...,
Just a moment...,
Just a moment...,
Just a moment...,
Just a moment...,
Just a moment...,
Just a moment...,
Just a moment...,
Just a moment...,
Just a moment...,
Just a moment...,
Just a moment...,
Just a moment...,
Just a moment...,
Just a moment...,
Just a moment...,
Just a moment...,
Just a moment...,
Just a moment...,
Just a moment...,
Just a moment...,
Just a moment...,
Just a moment...,
Just a moment...,
Just a moment...,
Just a moment...,
Just a moment...,
Just a moment...,
Just a moment...,
Just a moment...,
Just a moment...,
Just a moment...,
Just a moment...,
Just a moment...,
Just a moment...,
Just a moment...,
Just a moment...,
Just a moment...,
Just a moment...,
Just a moment...,
Just a moment...,
Just a moment...,
Just a moment...,
Just a moment...,
Just a moment...,
Just a moment...,
Just a moment...,
Just a moment...,
Just a moment...,
Just a moment...,
Just a moment...,
Just a moment...,
Just a moment...,
Just a moment...,
Just a moment...,
Just a moment...,
Just a moment...,
Just a moment...,
Just a moment...,
Just a moment...,
Just a moment...,
Just a moment...,
Just a moment...,
Just a moment...,
Just a moment...,
Just a moment...,
Just a moment...,
Just a moment...,
Just a moment...,
Just a moment...,
Just a moment...,
Just a moment...,
Just a moment...,
Just a moment...,
Just a moment...,
Just a moment...,
Just a moment...,
Just a moment...,
Just a moment...,
Just a moment...,
Just a moment...,
Just a moment...,
Just a moment...,
Just a moment...,
Just a moment...,
Just a moment...,
Just a moment...,
Just a moment...,
Just a moment...,
Just a moment...,
Just a moment...,
Just a moment...,
Just a moment...,
Just a moment...,
Just a moment...,
Just a moment...,
Just a moment...,
Just a moment...,
Just a moment...,
Just a moment...,
Just a moment...,
Just a moment...,
Just a moment...,
Just a moment...,
Just a moment...,
Just a moment...,
Just a moment...,
Just a moment...,
Just a moment...,
Just a moment...,
Just a moment...,
Just a moment...,
Just a moment...,
Just a moment...,
Just a moment...,
Just a moment...,
Just a moment...,
Just a moment...,
Just a moment...,
Just a moment...,
Just a moment...,
Just a moment...,
Just a moment...,
Just a moment...,
Just a moment...,
Just a moment...,
Just a moment...,
Just a moment...,
Just a moment...,
Just a moment...,
Just a moment...,
Just a moment...,
Just a moment...,
Just a moment...,
Just a moment...,
Just a moment...,
Just a moment...,
Just a moment...,
Just a moment...,
Just a moment...,
Just a moment...,
Just a moment...,
Just a moment...,
Just a moment...,
Just a moment...,
Just a moment...,
Just a moment...,
Just a moment...,
Just a moment...,
Just a moment...,
Just a moment...,
Just a moment...,
Just a moment...,
Just a moment...,
Just a moment...,
Just a moment...,
Just a moment...,
Just a moment...,
Just a moment...,
Just a moment...,
Just a moment...,
Just a moment...,
Just a moment...,
Just a moment...,
Just a moment...,
Just a moment...,
Just a moment...,
Just a moment...,
Just a moment...,
Just a moment...,
Just a moment...,
Just a moment...,
Just a moment...,
Just a moment...,
Just a moment...,
Just a moment...,
Just a moment...,
Just a moment...,
Just a moment...,
Just a moment...,
Just a moment...,
Just a moment...,
Just a moment...,
Just a moment...,
Just a moment...,
Just a moment...,
Just a moment...,
Just a moment...,
Just a moment...,
Just a moment...,
Just a moment...,
Just a moment...,
Just a moment...,
Just a moment...,
Just a moment...,
Just a moment...,
Just a moment...,
Just a moment...,
Just a moment...,
Just a moment...,
Just a moment...,
Just a moment...,
Just a moment...,
Just a moment...,
Just a moment...,
Just a moment...,
Just a moment...,
Just a moment...,
Just a moment...,
Just a moment...,
Just a moment...,
Just a moment...,
Just a moment...,
Just a moment...,
Just a moment...,
Just a moment...,
Just a moment...,
Just a moment...,
Just a moment...,
Just a moment...,
Just a moment...,
Just a moment...,
Just a moment...,
Just a moment...,
Just a moment...,
Just a moment...,
Just a moment...,
Just a moment...,
Just a moment...,
Just a moment...,
Just a moment...,
Just a moment...,
Just a moment...,
Just a moment...,
Just a moment...,
Just a moment...,
Just a moment...,
Just a moment...,
Just a moment...,
Just a moment...,
Just a moment...,
Just a moment...,
Just a moment...,
Just a moment...,
Just a moment...,
Just a moment...,
Just a moment...,
Just a moment...,
Just a moment...,
Just a moment...,
Just a moment...,
Just a moment...,
Just a moment...,
Just a moment...,
Just a moment...,
Just a moment...,
Just a moment...,
Just a moment...,
Just a moment...,
Just a moment...,
Just a moment...,
Just a moment...,
Just a moment...,
Just a moment...,
Just a moment...,
Just a moment...,
Just a moment...,
Just a moment...,
Just a moment...,
Just a moment...,
Just a moment...,
Just a moment...,
Just a moment...,
Just a moment...,
Just a moment...,
Just a moment...,
Just a moment...,
Just a moment...,
Just a moment...,
Just a moment...,
Just a moment...,
Just a moment...,
Just a moment...,
Just a moment...,
Just a moment...,
Just a moment...,
Just a moment...,
Just a moment...,
Just a moment...,
Just a moment...,
Just a moment...,
Just a moment...,
Just a moment...,
Just a moment...,
Just a moment...,
Just a moment...,
Just a moment...,
Just a moment...,
Just a moment...,
Just a moment...,
Just a moment...,
Just a moment...,
Just a moment...,
Just a moment...,
Just a moment...,
Just a moment...,
Just a moment...,
Just a moment...,
Just a moment...,
Just a moment...,
Just a moment...,
Just a moment...,
Just a moment...,
Just a moment...,
Just a moment...,
Just a moment...,
Just a moment...,
Just a moment...,
Just a moment...,
Just a moment...,
Just a moment...,
Just a moment...,
Just a moment...,
Just a moment...,
Just a moment...,
Just a moment...,
Just a moment...,
Just a moment...,
Just a moment...,
Just a moment...,
Just a moment...,
Just a moment...,
Just a moment...,
Just a moment...,
Just a moment...,
Just a moment...,
Just a moment...,
Just a moment...,
Just a moment...,
Just a moment...,
Just a moment...,
Just a moment...,
Just a moment...,
Just a moment...,
Just a moment...,
Just a moment...,
Just a moment...,
Just a moment...,
Just a moment...,
Just a moment...,
Just a moment...,
Just a moment...,
Just a moment...,
Just a moment...,
Just a moment...,
Just a moment...,
Just a moment...,
Just a moment...,
Just a moment...,
Just a moment...,
Just a moment...,
Just a moment...,
Just a moment...,
Just a moment...,
Just a moment...,
Just a moment...,
Just a moment...,
Just a moment...,
Just a moment...,
Just a moment...,
Just a moment...,
Just a moment...,
Just a moment...,
Just a moment...,
Just a moment...,
Just a moment...,
Just a moment...,
Just a moment...,
Just a moment...,
Just a moment...,
Just a moment...,
Just a moment...,
Just a moment...,
Just a moment...,
Just a moment...,
Just a moment...,
Just a moment...,
Just a moment...,
Just a moment...,
Just a moment...,
Just a moment...,
Just a moment...,
Just a moment...,
Just a moment...,
Just a moment...,
Just a moment...,
Just a moment...,
Just a moment...,
Just a moment...,
Just a moment...,
Just a moment...,
Just a moment...,
Just a moment...,
Just a moment...,
Just a moment...,
Just a moment...,
Just a moment...,
Just a moment...,
Just a moment...,
Just a moment...,
Just a moment...,
Just a moment...,
Just a moment...,
Just a moment...,
Just a moment...,
Just a moment...,
Just a moment...,
Just a moment...,
Just a moment...,
Just a moment...,
Just a moment...,
Just a moment...,
Just a moment...,
Just a moment...,
Just a moment...,
Just a moment...,
Just a moment...,
Just a moment...,
Just a moment...,
Just a moment...,
Just a moment...,
Just a moment...,
Just a moment...,
Just a moment...,
Just a moment...,
Just a moment...,
Just a moment...,
Just a moment...,
Just a moment...,
Just a moment...,
Just a moment...,
Just a moment...,
Just a moment...,
Just a moment...,
Just a moment...,
Just a moment...,
Just a moment...,
Just a moment...,
Just a moment...,
Just a moment...,
Just a moment...,
Just a moment...,
Just a moment...,
Just a moment...,
Just a moment...,
Just a moment...,
Just a moment...,
Just a moment...,
Just a moment...,
Just a moment...,
Just a moment...,
Just a moment...,
Just a moment...,
Just a moment...,
Just a moment...,
Just a moment...,
Just a moment...,
Just a moment...,
Just a moment...,
Just a moment...,
Just a moment...,
Just a moment...,
Just a moment...,
Just a moment...,
Just a moment...,
Just a moment...,
Just a moment...,
Just a moment...,
Just a moment...,
Just a moment...,
Just a moment...,
Just a moment...,
Just a moment...,
Just a moment...,
Just a moment...,
Just a moment...,
Just a moment...,
Just a moment...,
Just a moment...,
Just a moment...,
Just a moment...,
Just a moment...,
Just a moment...,
Just a moment...,
Just a moment...,
Just a moment...,
Just a moment...,
Just a moment...,
Just a moment...,
Just a moment...,
Just a moment...,
Just a moment...,
Just a moment...,
Just a moment...,
Just a moment...,
Just a moment...,
Just a moment...,
Just a moment...,
Just a moment...,
Just a moment...,
Just a moment...,
Just a moment...,
Just a moment...,
Just a moment...,
Just a moment...,
Just a moment...,
Just a moment...,
Just a moment...,
Just a moment...,
Just a moment...,
Just a moment...,
Just a moment...,
Just a moment...,
Just a moment...,
Just a moment...,
Just a moment...,
Just a moment...,
Just a moment...,
Just a moment...,
Just a moment...,
Just a moment...,
Just a moment...,
Just a moment...,
Just a moment...,
Just a moment...,
Just a moment...,
Just a moment...,
Just a moment...,
Just a moment...,
Just a moment...,
Just a moment...,
Just a moment...,
Just a moment...,
Just a moment...,
Just a moment...,
Just a moment...,
Just a moment...,
Just a moment...,
Just a moment...,
Just a moment...,
Just a moment...,
Just a moment...,
Just a moment...,
Just a moment...,
Just a moment...,
Just a moment...,
Just a moment...,
Just a moment...,
Just a moment...,
Just a moment...,
Just a moment...,
Just a moment...,
Just a moment...,
Just a moment...,
Just a moment...,
Just a moment...,
Just a moment...,
Just a moment...,
Just a moment...,
Just a moment...,
Just a moment...,
